{"requests": [1754970879.686555, 1754970942.6711879, 1754971033.3702111, 1754971252.8577652], "last_request": 1754971252.8577652}